<?xml version="1.0" encoding="UTF-8"?>
<Configuration status="INFO">
    <Properties>
        <Property name="LOG_PATTERN">%d{yyyy-MM-dd HH:mm:ss.SSS} [%t] %-5level %logger{36} - %msg%n</Property>
        <Property name="LOG_PATH">./logs</Property>
    </Properties>

    <Appenders>
        <!-- Console Appender -->
        <Console name="ConsoleAppender" target="SYSTEM_OUT">
            <PatternLayout pattern="${LOG_PATTERN}"/>
        </Console>

        <!-- File Appender -->
        <RollingFile name="FileAppender"
                     fileName="${LOG_PATH}/application.log"
                     filePattern="${LOG_PATH}/application-%d{yyyy-MM-dd}-%i.log">
            <PatternLayout pattern="${LOG_PATTERN}"/>
            <Policies>
                <TimeBasedTriggeringPolicy />
                <SizeBasedTriggeringPolicy size="10MB"/>
            </Policies>
            <DefaultRolloverStrategy max="10"/>
        </RollingFile>

        <!-- Kafka Appender for Application Logs -->
        <Kafka name="ApplicationKafkaAppender" topic="kafka-logs">
            <PatternLayout pattern="${LOG_PATTERN}"/>
            <Property name="bootstrap.servers">kafka:9092</Property>
            <Property name="compression.type">snappy</Property>
            <Property name="batch.size">32768</Property>
            <Property name="linger.ms">2000</Property>
            <Property name="buffer.memory">33554432</Property>
            <Property name="max.block.ms">5000</Property>
            <Property name="client.id">application-logs-appender</Property>
            <Property name="acks">1</Property>
            <Property name="retries">3</Property>
        </Kafka>

        <!-- Kafka Appender for Error Logs -->
        <Kafka name="ErrorKafkaAppender" topic="error-logs">
            <PatternLayout pattern="${LOG_PATTERN}"/>
            <Property name="bootstrap.servers">kafka:9092</Property>
            <Property name="compression.type">snappy</Property>
            <Property name="batch.size">32768</Property>
            <Property name="linger.ms">2000</Property>
            <Property name="buffer.memory">33554432</Property>
            <Property name="max.block.ms">5000</Property>
            <Property name="client.id">error-logs-appender</Property>
            <Property name="acks">1</Property>
            <Property name="retries">3</Property>
        </Kafka>
    </Appenders>

    <Loggers>
        <!-- Root Logger -->
        <Root level="INFO">
            <AppenderRef ref="ConsoleAppender" />
            <AppenderRef ref="FileAppender" />
            <AppenderRef ref="ApplicationKafkaAppender" level="INFO" />
            <AppenderRef ref="ErrorKafkaAppender" level="ERROR" />
        </Root>

        <!-- Application Logger -->
        <Logger name="home.project" level="INFO" additivity="false">
            <AppenderRef ref="ConsoleAppender" />
            <AppenderRef ref="FileAppender" />
            <AppenderRef ref="ApplicationKafkaAppender" level="INFO" />
            <AppenderRef ref="ErrorKafkaAppender" level="ERROR" />
        </Logger>

        <!-- Framework Loggers -->
        <Logger name="org.springframework" level="WARN" additivity="false">
            <AppenderRef ref="ConsoleAppender" />
            <AppenderRef ref="FileAppender" />
        </Logger>

        <Logger name="org.hibernate" level="WARN" additivity="false">
            <AppenderRef ref="ConsoleAppender" />
            <AppenderRef ref="FileAppender" />
        </Logger>

        <Logger name="org.apache.kafka" level="ERROR" additivity="false">
            <AppenderRef ref="ConsoleAppender" />
            <AppenderRef ref="FileAppender" />
        </Logger>

        <!-- Security Related Loggers -->
        <Logger name="org.springframework.security" level="WARN" additivity="false">
            <AppenderRef ref="ConsoleAppender" />
            <AppenderRef ref="FileAppender" />
        </Logger>

        <!-- Database Related Loggers -->
        <Logger name="org.hibernate.SQL" level="WARN" additivity="false">
            <AppenderRef ref="ConsoleAppender" />
            <AppenderRef ref="FileAppender" />
        </Logger>

        <Logger name="org.hibernate.type.descriptor.sql" level="WARN" additivity="false">
            <AppenderRef ref="ConsoleAppender" />
            <AppenderRef ref="FileAppender" />
        </Logger>
    </Loggers>
</Configuration>